{"dining_room": {"label": 0, "N": 200, "frequency": 0.021043771043771045, "weight": 0.033890710382513664}, "living_room": {"label": 1, "N": 524, "frequency": 0.055134680134680134, "weight": 0.38798907103825137}, "kitchen": {"label": 2, "N": 498, "frequency": 0.052398989898989896, "weight": 0.3595737704918033}, "conference_room": {"label": 3, "N": 290, "frequency": 0.030513468013468013, "weight": 0.1322513661202186}, "library": {"label": 4, "N": 381, "frequency": 0.04008838383838384, "weight": 0.23170491803278687}, "computer_room": {"label": 5, "N": 179, "frequency": 0.018834175084175085, "weight": 0.010939890710382514}, "corridor": {"label": 6, "N": 373, "frequency": 0.039246632996632995, "weight": 0.22296174863387977}, "bedroom": {"label": 7, "N": 1084, "frequency": 0.11405723905723905, "weight": 1.0000109289617487}, "home_office": {"label": 8, "N": 169, "frequency": 0.01778198653198653, "weight": 1.092896174863388e-05}, "furniture_store": {"label": 9, "N": 965, "frequency": 0.10153619528619529, "weight": 0.8699562841530054}, "classroom": {"label": 10, "N": 1023, "frequency": 0.1076388888888889, "weight": 0.9333442622950819}, "lecture_theatre": {"label": 11, "N": 176, "frequency": 0.018518518518518517, "weight": 0.007661202185792349}, "discussion_area": {"label": 12, "N": 201, "frequency": 0.0211489898989899, "weight": 0.03498360655737705}, "dining_area": {"label": 13, "N": 397, "frequency": 0.04177188552188552, "weight": 0.2491912568306011}, "rest_space": {"label": 14, "N": 924, "frequency": 0.09722222222222222, "weight": 0.8251475409836065}, "office": {"label": 15, "N": 1046, "frequency": 0.11005892255892256, "weight": 0.9584808743169398}, "study_space": {"label": 16, "N": 192, "frequency": 0.020202020202020204, "weight": 0.02514754098360656}, "bathroom": {"label": 17, "N": 624, "frequency": 0.06565656565656566, "weight": 0.4972786885245902}, "lab": {"label": 18, "N": 258, "frequency": 0.027146464646464648, "weight": 0.09727868852459017}}