{"dining_area": {"label": 0, "N": 396, "frequency": 0.36507393715341957}, "lecture_theatre": {"label": 1, "N": 175, "frequency": 0.16082255083179298}, "rest_space": {"label": 2, "N": 923, "frequency": 0.8521349353049907}, "classroom": {"label": 3, "N": 1022, "frequency": 0.9436321626617376}, "study_space": {"label": 4, "N": 191, "frequency": 0.17560998151571164}, "computer_room": {"label": 5, "N": 178, "frequency": 0.1635951940850277}, "office": {"label": 6, "N": 1045, "frequency": 0.9648890942698706}, "mail_room": {"label": 7, "N": 21, "frequency": 0.01849353049907579}, "bathroom": {"label": 8, "N": 623, "frequency": 0.5748706099815157}, "corridor": {"label": 9, "N": 372, "frequency": 0.34289279112754156}, "kitchen": {"label": 10, "N": 497, "frequency": 0.4584195933456562}, "idk": {"label": 11, "N": 275, "frequency": 0.25324399260628466}, "reception_room": {"label": 12, "N": 26, "frequency": 0.023114602587800372}, "printer_room": {"label": 13, "N": 76, "frequency": 0.06932532347504622}, "library": {"label": 14, "N": 380, "frequency": 0.35028650646950094}, "conference_room": {"label": 15, "N": 289, "frequency": 0.2661829944547135}, "office_kitchen": {"label": 16, "N": 81, "frequency": 0.0739463955637708}, "cafeteria": {"label": 17, "N": 12, "frequency": 0.010175600739371534}, "discussion_area": {"label": 18, "N": 200, "frequency": 0.18392791127541588}, "lab": {"label": 19, "N": 257, "frequency": 0.23660813308687614}, "office_dining": {"label": 20, "N": 28, "frequency": 0.024963031423290205}, "living_room": {"label": 21, "N": 523, "frequency": 0.48244916820702405}, "music_room": {"label": 22, "N": 2, "frequency": 0.000933456561922366}, "laundromat": {"label": 23, "N": 17, "frequency": 0.01479667282809612}, "study": {"label": 24, "N": 25, "frequency": 0.022190388170055454}, "home_office": {"label": 25, "N": 168, "frequency": 0.15435304990757856}, "bedroom": {"label": 26, "N": 1083, "frequency": 1.0000092421441775}, "dining_room": {"label": 27, "N": 199, "frequency": 0.18300369685767098}, "home": {"label": 28, "N": 5, "frequency": 0.0037060998151571163}, "furniture_store": {"label": 29, "N": 964, "frequency": 0.8900277264325324}, "playroom": {"label": 30, "N": 30, "frequency": 0.026811460258780038}, "bookstore": {"label": 31, "N": 35, "frequency": 0.03143253234750462}, "recreation_room": {"label": 32, "N": 59, "frequency": 0.05361367837338262}, "storage_room": {"label": 33, "N": 10, "frequency": 0.0083271719038817}, "lobby": {"label": 34, "N": 8, "frequency": 0.006478743068391866}, "basement": {"label": 35, "N": 25, "frequency": 0.022190388170055454}, "dinette": {"label": 36, "N": 9, "frequency": 0.0074029574861367835}, "indoor_balcony": {"label": 37, "N": 1, "frequency": 9.242144177449168e-06}, "gym": {"label": 38, "N": 20, "frequency": 0.01756931608133087}, "hotel_room": {"label": 39, "N": 5, "frequency": 0.0037060998151571163}, "stairs": {"label": 40, "N": 8, "frequency": 0.006478743068391866}, "coffee_room": {"label": 41, "N": 4, "frequency": 0.0027818853974121995}, "reception": {"label": 42, "N": 16, "frequency": 0.013872458410351202}, "dancing_room": {"label": 43, "N": 2, "frequency": 0.000933456561922366}, "exhibition": {"label": 44, "N": 5, "frequency": 0.0037060998151571163}}